"Pos","Ref","Alt","Locus","Disease","RNA","Homoplasmy","Heteroplasmy","Status","MitoTIP.","GB.Freq..FL..CR...","GB.Seqs.FL..CR..","References"
576,"A","G","MT-CR","Hearing loss patient","noncoding MT-TF precursor","nr","nr","Reported","N/A","0.005%(0.012%)","3 (10)",1
578,"T","C","MT-TF","Unspecified patient from clinical lab / MS","tRNA Phe","nr","+","Reported [VUS-]","78.30%","0.000%(0.000%)","0 (0)",2
582,"T","C","MT-TF","Mitochondrial myopathy","tRNA Phe","-","+","Reported","72.90%","0.000%(0.000%)","0 (0)",3
583,"G","A","MT-TF","MELAS / MM & EXIT","tRNA Phe","-","+","Cfrm [VUS*]","Pathogenic","0.000%(0.000%)","0 (0)",5
586,"G","A","MT-TF","Extrapyramidal disorder with akinesia-rigidity, psychosis and SNHL","tRNA Phe","-","+","Reported [VUS]","89.70%","0.000%(0.000%)","0 (0)",6
590,"A","G","MT-TF","EXIT+ataxia+RP","tRNA Phe","-","+","Reported [VUS]","16.30%","0.000%(0.000%)","0 (0)",1
591,"C","T","MT-TF","Gitelman-like syndrome","tRNA Phe","+","-","Cfrm [LP]","Pathogenic","0.000%(0.000%)","0 (0)",1
593,"T","C","MT-TF","Nonsyndromic hearing loss / LHON","tRNA Phe","+","-","Reported","0.80%","0.519% (0.000%)","321 (0)",7
602,"C","T","MT-TF","Axial myopathy with encephalopathy","tRNA Phe","-","+","Reported","85.90%","0.000%(0.000%)","0 (0)",2
606,"A","G","MT-TF","Myoglobinuria","tRNA Phe","+","+","Unclear","64.90%","0.037%(0.000%)","23 (0)",5
608,"A","G","MT-TF","Tubulo-interstitial nephritis","tRNA Phe","+","-","Reported [VUS]","65.00%","0.000%(0.000%)","0 (0)",3
611,"G","A","MT-TF","MERRF","tRNA Phe","-","+","Reported [VUS]","51.20%","0.000%(0.000%)","0 (0)",4
616,"T","C","MT-TF","Maternally inherited epilepsy / mito tubulointerstitial kidney disease (MITKD) / Gitelman-like syndrome","tRNA Phe","+","+","Cfrm [LP]","Pathogenic","0.002%(0.000%)","1 (0)",6
616,"T","G","MT-TF","Maternally inherited epilepsy","tRNA Phe","+","+","Reported [VUS]","95.60%","0.002%(0.000%)","1 (0)",1
617,"G","A","MT-TF","Carotid artery stenosis","tRNA Phe","-","+","Reported","81.70%","0.000%(0.000%)","0 (0)",1
618,"T","C","MT-TF","MM","tRNA Phe","-","+","Reported [VUS]","65.80%","0.000%(0.000%)","0 (0)",3
618,"T","G","MT-TF","Ptosis CPEO MM & EXIT","tRNA Phe","-","+","Reported","77.50%","0.000%(0.000%)","0 (0)",1
622,"G","A","MT-TF","EXIT & Deafness","tRNA Phe","-","+","Reported [VUS]","41.50%","0.000%(0.000%)","0 (0)",3
625,"G","A","MT-TF","SNHL & Epilepsy","tRNA Phe","-","+","Reported","81.30%","0.000%(0.000%)","0 (0)",1
628,"C","T","MT-TF","DEAF","tRNA Phe","-","+","Reported","34.80%","0.005%(0.000%)","3 (0)",2
636,"A","G","MT-TF","DEAF","tRNA Phe","+","-","Reported","1.30%","0.032%(0.000%)","20 (0)",3
641,"A","T","MT-TF","Epileptic Encephalopathy","tRNA Phe","-","+","Reported","69.00%","0.000%(0.000%)","0 (0)",1
642,"T","C","MT-TF","Ataxia, PEO, deafness","tRNA Phe","-","+","Reported","67.60%","0.000%(0.000%)","0 (0)",1
643,"A","G","MT-TF","Gitelman-like syndrome","tRNA Phe","+","-","Reported","38.20%","0.000%(0.000%)","0 (0)",1
653,"G","l","MT-RNR1","Atherosclerosis risk","12S rRNA","-","+","Reported","N/A","0.000%(0.000%)","0 (0)",2
653,"G","G","MT-RNR1","Atherosclerosis study","12S rRNA","-","+","Reported","N/A","0.000%(0.000%)","0 (0)",1
663,"A","G","MT-RNR1","Coronary atherosclerosis risk","12S rRNA","+","-","Reported","N/A","2.862% (0.000%)","1770 (0)",1
669,"T","C","MT-RNR1","DEAF","12S rRNA","+","-","Reported","N/A","0.184%(0.000%)","114 (0)",4
721,"T","C","MT-RNR1","Possibly LVNC-associated","12S rRNA","+","-","Reported","N/A","0.225%(0.000%)","139 (0)",1
735,"A","G","MT-RNR1","DEAF","12S rRNA","nr","nr","Reported","N/A","0.125%(0.000%)","77 (0)",2
745,"A","G","MT-RNR1","DEAF-associated","12S rRNA","+","-","Reported","N/A","0.061%(0.000%)","38 (0)",1
747,"A","G","MT-RNR1","DEAF-associated","12S rRNA","+","-","Reported","N/A","0.016%(0.000%)","10 (0)",2
750,"A","A","MT-RNR1","SZ-associated","12S rRNA","+","-","Reported","N/A","1.468%(0.000%)","908 (0)",3
773,"T","C","MT-RNR1","Possible association with sepsis","12S rRNA","-","+","Reported","N/A","0.006%(0.000%)","4 (0)",2
792,"C","T","MT-RNR1","Increased risk of nonsyndromic deafness","12S rRNA","+","-","Reported","N/A","0.008%(0.000%)","5 (0)",1
801,"A","G","MT-RNR1","DEAF-associated","12S rRNA","+","-","Reported","N/A","0.011%(0.000%)","7 (0)",1
827,"A","G","MT-RNR1","DEAF","12S rRNA","+","-","Conflicting reports","N/A","2.582% (0.000%)","1597 (0)",19
839,"A","G","MT-RNR1","DEAF-associated","12S rRNA","+","-","Reported","N/A","0.011%(0.000%)","7 (0)",2
850,"T","C","MT-RNR1","Possibly LVNC-associated","12S rRNA","+","-","Reported","N/A","0.199%(0.000%)","123 (0)",1
856,"A","G","MT-RNR1","LHON helper / AD / DEAF-associated","12S rRNA","+","-","Reported","N/A","0.029%(0.000%)","18 (0)",3
869,"C","T","MT-RNR1","found in 1 HCM patient","12S rRNA","+","-","Reported","N/A","0.121%(0.000%)","75 (0)",1
921,"T","C","MT-RNR1","Possibly LVNC-associated","12S rRNA","+","-","Reported","N/A","0.702% (0.000%)","434 (0)",2
955,"A","C","MT-RNR1","Possible association with sepsis","12S rRNA","-","+","Reported","N/A","0.003%(0.000%)","2 (0)",1
960,"C","l","MT-RNR1","Possibly DEAF-associated","12S rRNA","+","-","Reported","N/A","0.091%(0.000%)","56 (0)",1
960,"C","C","MT-RNR1","Possibly DEAF-associated","12S rRNA","+","-","Reported","N/A","0.629% (0.000%)","389 (0)",5
961,"T","C","MT-RNR1","DEAF, possibly LVNC-associated","12S rRNA","+","-","Unclear","N/A","0.904% (0.000%)","559 (0)",9
961,"T","s","MT-RNR1","DEAF / AD-associated / intellectual disability","12S rRNA","+","+","Reported [LB]","N/A","0.000%(0.000%)","0 (0)",22
961,"T","G","MT-RNR1","Possibly DEAF-associated","12S rRNA","+","-","Unclear","N/A","0.367% (0.000%)","227 (0)",7
965,"T","C","MT-RNR1","DEAF","12S rRNA","+","-","Unclear","N/A","0.002%(0.000%)","1 (0)",12
988,"G","A","MT-RNR1","Possible DEAF risk factor","12S rRNA","nr","nr","Reported","N/A","0.089%(0.000%)","55 (0)",1
990,"T","C","MT-RNR1","DEAF","12S rRNA","+","-","Reported","N/A","0.071%(0.000%)","44 (0)",1
1005,"T","C","MT-RNR1","DEAF","12S rRNA","+","-","Unclear","N/A","0.445% (0.000%)","275 (0)",5
1027,"A","G","MT-RNR1","DEAF-associated","12S rRNA","+","-","Reported [VUS]","N/A","0.031%(0.000%)","19 (0)",2
1095,"T","C","MT-RNR1","SNHL","12S rRNA","+","+","Unclear","N/A","0.105%(0.000%)","65 (0)",17
1116,"A","G","MT-RNR1","DEAF","12S rRNA","+","-","Reported","N/A","0.016%(0.000%)","10 (0)",2
1119,"T","C","MT-RNR1","Possible role in high altitude sickness","12S rRNA","nr","nr","Reported","N/A","0.534% (0.000%)","330 (0)",1
1180,"T","G","MT-RNR1","Possibly DEAF-associated","12S rRNA","+","-","Reported","N/A","0.000%(0.000%)","0 (0)",2
1192,"C","A","MT-RNR1","DEAF-associated","12S rRNA","+","-","Reported","N/A","0.019%(0.000%)","12 (0)",2
1192,"C","T","MT-RNR1","DEAF-associated","12S rRNA","+","-","Reported","N/A","0.024%(0.000%)","15 (0)",1
1226,"C","G","MT-RNR1","Possibly DEAF-associated","12S rRNA","+","-","Reported","N/A","0.000%(0.000%)","0 (0)",2
1291,"T","C","MT-RNR1","DEAF","12S rRNA","+","-","Unclear","N/A","0.091%(0.000%)","56 (0)",3
1310,"C","T","MT-RNR1","DEAF-associated","12S rRNA","+","-","Reported","N/A","0.063%(0.000%)","39 (0)",2
1331,"A","G","MT-RNR1","DEAF-associated","12S rRNA","+","-","Reported","N/A","0.032%(0.000%)","20 (0)",1
1349,"T","G","MT-RNR1","DEAF","12S rRNA","-","+","Reported","N/A","0.000%(0.000%)","0 (0)",1
1374,"A","G","MT-RNR1","DEAF-associated","12S rRNA","+","-","Reported","N/A","0.002%(0.000%)","1 (0)",2
1382,"A","C","MT-RNR1","Longevity / T2D susceptibility","12S rRNA","+","-","Reported","N/A","0.315% (0.000%)","195 (0)",3
1391,"T","C","MT-RNR1","found in 1 HCM patient","12S rRNA","+","+","Reported","N/A","0.207% (0.000%)","128 (0)",1
1413,"T","C","MT-RNR1","DEAF-associated","12S rRNA","+","-","Reported","N/A","0.133%(0.000%)","82 (0)",1
1420,"T","G","MT-RNR1","DEAF","12S rRNA","+","+","Reported","N/A","0.000%(0.000%)","0 (0)",1
1438,"A","A","MT-RNR1","SZ-associated","12S rRNA","+","-","Reported","N/A","4.455%(0.000%)","2755 (0)",3
1452,"T","C","MT-RNR1","DEAF-associated","12S rRNA","+","-","Reported","N/A","0.086%(0.000%)","53 (0)",1
1453,"A","G","MT-RNR1","Possible DEAF risk factor","12S rRNA","nr","nr","Reported","N/A","0.179%(0.000%)","111 (0)",1
1492,"A","C","MT-RNR1","DEAF","12S rRNA","-","+","Reported","N/A","0.000%(0.000%)","0 (0)",1
1494,"C","T","MT-RNR1","DEAF","12S rRNA","+","-","Cfrm [LP]","N/A","0.008%(0.000%)","5 (0)",34
1517,"A","C","MT-RNR1","DEAF","12S rRNA","-","+","Reported","N/A","0.000%(0.000%)","0 (0)",1
1537,"C","T","MT-RNR1","DEAF; intellectual disability","12S rRNA","+","-","Reported","N/A","0.015%(0.000%)","9 (0)",1
1544,"A","T","MT-RNR1","DEAF","12S rRNA","+","-","Reported","N/A","0.000%(0.000%)","0 (0)",2
1546,"A","T","MT-RNR1","DEAF","12S rRNA","+","-","Reported","N/A","0.000%(0.000%)","0 (0)",1
1554,"G","A","MT-RNR1","DEAF","12S rRNA","+","-","Reported","N/A","0.000%(0.000%)","0 (0)",1
1555,"A","G","MT-RNR1","DEAF; autism spectrum intellectual disability; possibly antiatherosclerotic","12S rRNA","+","+","Cfrm [P]","N/A","0.137%(0.000%)","85 (0)",161
1556,"C","T","MT-RNR1","found in 1 HCM patient","12S rRNA","+","-","Reported","N/A","0.021%(0.000%)","13 (0)",1
1575,"T","G","MT-RNR1","DEAF","12S rRNA","+","-","Reported","N/A","0.000%(0.000%)","0 (0)",1
1577,"T","G","MT-RNR1","DEAF","12S rRNA","-","+","Reported","N/A","0.000%(0.000%)","0 (0)",1
1606,"G","A","MT-TV","AMDF / retinal degeneration","tRNA Val","-","+","Cfrm [VUS*]","Pathogenic","0.000%(0.000%)","0 (0)",6
1607,"T","C","MT-TV","Suspected mito disease","tRNA Val","+","+","Reported","18.10%","0.019%(0.000%)","12 (0)",2
1608,"G","A","MT-TV","Leigh Sydrome / Parkinsonism with dystonia","tRNA Val","-","+","Reported","62.10%","0.002%(0.000%)","1 (0)",3
1612,"C","T","MT-TV","LVNC (left ventricular noncompaction)","tRNA Val","+","-","Reported as VUS","76.50%","0.000%(0.000%)","0 (0)",1
1616,"A","G","MT-TV","MELAS","tRNA Val","nr","nr","Reported","36.70%","0.000%(0.000%)","0 (0)",1
1624,"C","T","MT-TV","Leigh Syndrome","tRNA Val","+","-","Cfrm [LP]","Pathogenic","0.000%(0.000%)","0 (0)",6
1630,"A","G","MT-TV","MNGIE-like disease / MELAS","tRNA Val","-","+","Cfrm [VUS*]","Pathogenic","0.000%(0.000%)","0 (0)",9
1636,"A","G","MT-TV","Global developmental delay, CMT disease, progressive myoclonic epilepsy, paroxysmal arrhythmia, and brain atrophy","tRNA Val","-","+","Reported","30.50%","0.002%(0.000%)","1 (0)",2
1640,"A","G","MT-TV","MELAS","tRNA Val","+","+","Reported","6.70%","0.003%(0.000%)","2 (0)",1
1642,"G","A","MT-TV","MELAS","tRNA Val","-","+","Reported","74.30%","0.000%(0.000%)","0 (0)",2
1643,"A","G","MT-TV","Late infantile onset fatal mito disease","tRNA Val","+","+","Reported","42.00%","0.002%(0.000%)","1 (0)",2
1644,"G","A","MT-TV","Leigh Syndrome / HCM / MELAS","tRNA Val","-","+","Cfrm [LP]","Pathogenic","0.000%(0.000%)","0 (0)",6
1644,"G","T","MT-TV","Adult Leigh Syndrome","tRNA Val","-","+","Reported","48.40%","0.000%(0.000%)","0 (0)",1
1659,"T","C","MT-TV","Movement Disorder","tRNA Val","-","+","Reported [VUS]","69.60%","0.000%(0.000%)","0 (0)",3
1661,"A","G","MT-TV","Charcot Marie Tooth (CMT)","tRNA Val","+","-","Reported [VUS]","27.60%","0.002%(0.000%)","1 (0)",2
2156,"A","A","MT-RNR2","Possible association with sepsis","16S rRNA","-","+","Reported","N/A","0.330% (0.000%)","204 (0)",8
2158,"T","C","MT-RNR2","Reduced risk PD","16S rRNA","nr","nr","Reported","N/A","0.401%(0.000%)","248 (0)",2
2336,"T","C","MT-RNR2","Hypertrophic cardiomyopathy","16S rRNA","+","-","Reported","N/A","0.000%(0.000%)","0 (0)",2
2352,"T","C","MT-RNR2","Possibly LVNC-associated / fibromyalgia","16S rRNA","+","-","Reported","N/A","2.631% (0.000%)","1627 (0)",4
2361,"G","A","MT-RNR2","Possibly LVNC-associated","16S rRNA","+","-","Reported","N/A","0.241% (0.000%)","149 (0)",1
2492,"G","A","MT-RNR2","Possible association with sepsis","16S rRNA","-","+","Reported","N/A","0.002%(0.000%)","1 (0)",2
2639,"C","A","MT-RNR2","Rare mutation in a single POAG patient","16S rRNA","+","-","Reported","N/A","0.002%(0.000%)","1 (0)",1
2647,"G","A","MT-RNR2","Possible association with sepsis","16S rRNA","-","+","Reported","N/A","0.002%(0.000%)","1 (0)",2
2648,"T","C","MT-RNR2","Rett Syndrome","16S rRNA","nr","nr","Reported","N/A","0.002%(0.000%)","1 (0)",1
2706,"A","A","MT-RNR2","Increased risk of T2DM in haplogroup H","16S rRNA","+","-","Reported","N/A","21.693%(0.000%)","13416 (0)",1
2755,"A","G","MT-RNR2","Possibly LVNC-associated","16S rRNA","+","-","Reported","N/A","0.445% (0.000%)","275 (0)",3
2806,"T","A","MT-RNR2","Possible association with sepsis","16S rRNA","-","+","Reported","N/A","0.000%(0.000%)","0 (0)",1
2835,"C","T","MT-RNR2","Rett Syndrome","16S rRNA","-","+","Reported","N/A","0.118%(0.000%)","73 (0)",2
3010,"G","A","MT-RNR2","Cyclic Vomiting Syndrome with Migraine / high altitude adaptation","16S rRNA","+","-","Reported","N/A","15.263% (0.000%)","9439 (0)",9
3054,"G","A","MT-RNR2","Possible association with sepsis","16S rRNA","-","+","Reported","N/A","0.000%(0.000%)","0 (0)",2
3090,"G","A","MT-RNR2","Myopathy","16S rRNA","-","+","Reported","N/A","0.003%(0.000%)","2 (0)",1
3093,"C","G","MT-RNR2","MELAS","16S rRNA","-","+","Reported","N/A","0.000%(0.000%)","0 (0)",2
3096,"T","C","MT-RNR2","Possible association with sepsis","16S rRNA","-","+","Reported","N/A","0.029%(0.000%)","18 (0)",3
3098,"T","C","MT-RNR2","Possible association with sepsis","16S rRNA","-","+","Reported","N/A","0.000%(0.000%)","0 (0)",2
3111,"A","T","MT-RNR2","Migraine","16S rRNA","+","-","Reported","N/A","0.010%(0.000%)","6 (0)",1
3196,"G","A","MT-RNR2","ADPD","16S rRNA","+","+","Reported","N/A","0.024%(0.000%)","15 (0)",3
3236,"A","G","MT-TL1","Sporadic bilateral optic neuropathy / hearing loss","tRNA Leu (UUR)","nr","nr","Reported","37.80%","0.006%(0.000%)","4 (0)",4
3242,"G","A","MT-TL1","MM / HCM+renal tubular dysfunction","tRNA Leu (UUR)","+","+","Cfrm [LP]","Pathogenic","0.000%(0.000%)","0 (0)",13
3243,"A","G","MT-TL1","MELAS / Leigh Syndrome / DMDF / MIDD / SNHL / CPEO / MM / FSGS / ASD / Cardiac+multi-organ dysfunction","tRNA Leu (UUR)","-","+","Cfrm [P]","Pathogenic","0.016%(0.000%)","10 (0)",477
3243,"A","T","MT-TL1","MM / MELAS / SNHL / CPEO","tRNA Leu (UUR)","-","+","Cfrm [LP]","Pathogenic","0.000%(0.000%)","0 (0)",12
3244,"G","A","MT-TL1","MELAS","tRNA Leu (UUR)","-","+","Reported","41.60%","0.006%(0.000%)","4 (0)",5
3249,"G","A","MT-TL1","KSS","tRNA Leu(UUR)","-","+","Reported [VUS]","39.30%","0.000%(0.000%)","0 (0)",5
3250,"T","C","MT-TL1","MM / CPEO / cardiomyopathy","tRNA Leu (UUR)","-","+","Reported","33.40%","0.000%(0.000%)","0 (0)",16
3251,"A","G","MT-TL1","MM / MELAS with chorea-ballism","tRNA Leu (UUR)","-","+","Cfrm [LP]","Pathogenic","0.000%(0.000%)","0 (0)",7
3252,"A","G","MT-TL1","MELAS","tRNA Leu (UUR)","-","+","Cfrm [LP]","Pathogenic","0.000%(0.000%)","0 (0)",7
3252,"A","T","MT-TL1","EXIT","tRNA Leu (UUR)","-","+","Reported","39.40%","0.000%(0.000%)","0 (0)",2
3253,"T","C","MT-TL1","Maternally inherited hypertension","tRNA Leu (UUR)","+","-","Reported","0.40%","0.011%(0.000%)","7 (0)",4
3254,"C","A","MT-TL1","Gestational Diabetes (GDM)","tRNA Leu (UUR)","-","+","Reported","60.80%","0.053%(0.000%)","33 (0)",1
3254,"C","G","MT-TL1","MM","tRNA Leu (UUR)","-","+","Reported","60.80%","0.000%(0.000%)","0 (0)",4
3254,"C","T","MT-TL1","CPEO / poss. hypertension factor","tRNA Leu (UUR)","+","-","Reported","25.30%","0.029%(0.000%)","18 (0)",5
3255,"G","A","MT-TL1","MERRF / KSS overlap","tRNA Leu (UUR)","-","+","Cfrm [LP]","Pathogenic","0.000%(0.000%)","0 (0)",6
3256,"C","T","MT-TL1","MELAS; possible atherosclerosis risk","tRNA Leu (UUR)","-","+","Cfrm [LP]","Pathogenic","0.000%(0.000%)","0 (0)",21
3258,"T","C","MT-TL1","MELAS / Myopathy","tRNA Leu (UUR)","-","+","Cfrm [LP]","Pathogenic","0.002%(0.000%)","1 (0)",5
3260,"A","G","MT-TL1","MMC / MELAS","tRNA Leu (UUR)","-","+","Cfrm [LP]","Pathogenic","0.000%(0.000%)","0 (0)",18
3261,"A","G","MT-TL1","Essential hypertension","tRNA Leu (UUR)","+","-","Reported","27.50%","0.011%(0.000%)","7 (0)",1
3264,"T","C","MT-TL1","DM","tRNA Leu (UUR)","-","+","Reported","47.30%","0.000%(0.000%)","0 (0)",3
3271,"T","C","MT-TL1","MELAS / DM / MERRF-like","tRNA Leu (UUR)","-","+","Cfrm [P]","Pathogenic","0.000%(0.000%)","0 (0)",40
3273,"T","l","MT-TL1","PEM / retinal dystrophy in MELAS","tRNA Leu (UUR)","-","+","Cfrm [VUS*]","Pathogenic","0.000%(0.000%)","0 (0)",2
3273,"T","C","MT-TL1","Ocular myopathy","tRNA Leu (UUR)","-","+","Reported","71.20%","0.000%(0.000%)","0 (0)",2
3274,"3","C","MT-TL1","Encephalomyopathy with proteinuric kidney disease","tRNA Leu (UUR)","-","+","Reported","-","0.000%(0.000%)","0 (0)",1
3274,"A","G","MT-TL1","Neuropsychiatric syndrome + cataract","tRNA Leu (UUR)","-","+","Reported [VUS]","77.10%","0.000%(0.000%)","0 (0)",4
3275,"C","A","MT-TL1","LHON","tRNA Leu (UUR)","+","-","Reported","2.20%","0.005%(0.000%)","3 (0)",4
3275,"C","T","MT-TL1","Metabolic syndrome and polycystic ovary syndrome / LHON","tRNA Leu (UUR)","+","-","Reported","2.20%","0.005%(0.000%)","3 (0)",7
3277,"G","A","MT-TL1","Poss. hypertension factor","tRNA Leu (UUR)","+","-","Reported","2.90%","0.065%(0.000%)","40 (0)",2
3278,"T","C","MT-TL1","Poss. hypertension factor","tRNA Leu (UUR)","+","-","Reported","13.10%","0.026%(0.000%)","16 (0)",3
3280,"A","G","MT-TL1","Myopathy","tRNA Leu (UUR)","-","+","Cfrm [VUS*]","Pathogenic","0.000%(0.000%)","0 (0)",6
3283,"G","A","MT-TL1","Late onset ocular myopathy","tRNA Leu (UUR)","-","+","Reported","58.70%","0.000%(0.000%)","0 (0)",1
3287,"C","A","MT-TL1","Encephalomyopathy","tRNA Leu (UUR)","-","+","Reported","38.30%","0.000%(0.000%)","0 (0)",2
3288,"A","G","MT-TL1","Myopathy","tRNA Leu (UUR)","-","+","Reported [VUS]","36.10%","0.000%(0.000%)","0 (0)",7
3290,"T","C","MT-TL1","Poss. hypertension factor","tRNA Leu (UUR)","+","-","Reported","1.40%","0.213% (0.000%)","132 (0)",5
3291,"T","C","MT-TL1","MELAS / Myopathy / Deafness+Cognitive Impairment","tRNA Leu (UUR)","-","+","Cfrm [LP]","Pathogenic","0.000%(0.000%)","0 (0)",18
3302,"A","G","MT-TL1","MM","tRNA Leu (UUR)","-","+","Cfrm [LP]","Pathogenic","0.000%(0.000%)","0 (0)",16
3303,"C","T","MT-TL1","MMC","tRNA Leu (UUR)","+","+","Cfrm [LP]","Pathogenic","0.000%(0.000%)","0 (0)",22
4263,"A","G","MT-TI","Maternally inherited essential hypertension","tRNA Ile","+","-","Reported","67.80%","0.005%(0.000%)","3 (0)",5
4267,"A","G","MT-TI","MM / CPEO","tRNA Ile","-","+","Reported","71.10%","0.000%(0.000%)","0 (0)",4
4268,"T","C","MT-TI","Maternally inherited hearing loss","tRNA Ile","+","-","Reported","65.90%","0.000%(0.000%)","0 (0)",1
4269,"A","G","MT-TI","FICP","tRNA Ile","-","+","Reported [VUS]","82.80%","0.002%(0.000%)","1 (0)",10
4274,"T","C","MT-TI","CPEO / Motor Neuron Disease","tRNA Ile","-","+","Reported","85.50%","0.000%(0.000%)","0 (0)",6
4277,"T","C","MT-TI","HCM / Poss. hypertension factor","tRNA Ile","+","-","Reported","8.90%","0.032%(0.000%)","20 (0)",3
4279,"A","G","MT-TI","Myoclonic epilepsy","tRNA Ile","-","+","Reported","54.90%","0.000%(0.000%)","0 (0)",1
4281,"A","G","MT-TI","Recurrent Myoglobinuria","tRNA Ile","-","+","Reported","87.90%","0.002%(0.000%)","1 (0)",1
4282,"G","A","MT-TI","CPEO Plus","tRNA Ile","-","+","Reported","82.30%","0.000%(0.000%)","0 (0)",1
4284,"G","A","MT-TI","Varied familial presentation / spastic paraparesis / MERRF-like","tRNA Ile","-","+","Reported [VUS]","35.30%","0.003%(0.000%)","2 (0)",8
4285,"T","C","MT-TI","CPEO","tRNA Ile","-","+","Reported","84.80%","0.000%(0.000%)","0 (0)",7
4289,"T","C","MT-TI","Retinopathy+diabetes+dysphagia+cerebral atrophy","tRNA Ile","-","+","Reported","84.30%","0.000%(0.000%)","0 (0)",1
4290,"T","C","MT-TI","Progressive Encephalopathy / PEO,myopathy","tRNA Ile","+","+","Reported","47.70%","0.000%(0.000%)","0 (0)",5
4291,"T","C","MT-TI","Hypomagnesemic Metabolic Syndrome / Gitelman-like syndrome","tRNA Ile","+","-","Reported [VUS]","31.80%","0.000%(0.000%)","0 (0)",2
4295,"A","G","MT-TI","MHCM / Maternally inherited hypertension / Maternally inherited deafness","tRNA Ile","+","+","Reported [VUS]","44.00%","0.183%(0.000%)","113 (0)",16
4296,"G","A","MT-TI","Leigh Syndrome","tRNA Ile","-","+","Reported [VUS]","46.60%","0.000%(0.000%)","0 (0)",4
4298,"G","A","MT-TI","CPEO / MS","tRNA Ile","-","+","Cfrm [VUS*]","Pathogenic","0.000%(0.000%)","0 (0)",11
4300,"A","G","MT-TI","MICM","tRNA Ile","+","+","Cfrm [LP]","Pathogenic","0.000%(0.000%)","0 (0)",12
4301,"A","T","MT-TI","Patient with MELAS","tRNA Ile","nr","nr","Reported","59.50%","0.002%(0.000%)","1 (0)",1
4302,"A","G","MT-TI","CPEO","tRNA Ile","-","+","Reported","42.00%","0.000%(0.000%)","0 (0)",1
4308,"G","A","MT-TI","CPEO","tRNA Ile","-","+","Cfrm [VUS*]","Pathogenic","0.000%(0.000%)","0 (0)",3
4309,"G","A","MT-TI","CPEO","tRNA Ile","-","+","Reported","64.10%","0.000%(0.000%)","0 (0)",4
4314,"T","C","MT-TI","Poss. hypertension factor","tRNA Ile","+","-","Reported","1.70%","0.078%(0.000%)","48 (0)",2
4316,"A","G","MT-TI","HCM with hearing loss / poss. hypertension factor","tRNA Ile","+","+","Reported","37.10%","0.049%(0.000%)","30 (0)",4
4317,"A","l","MT-TI","Ptosis, deafness, stroke-like episodes","tRNA Ile","nr","nr","Reported","2.10%","0.026%(0.000%)","16 (0)",5
4317,"A","G","MT-TI","FICP / poss. Hypertension / DEAF factor","tRNA Ile","+","-","Reported","2.10%","0.078%(0.000%)","48 (0)",15
4320,"C","T","MT-TI","Mitochondrial Encephalocardiomyopathy","tRNA Ile","-","+","Reported","25.60%","0.016%(0.000%)","10 (0)",6
4322,"C","l","MT-TI","mtDNA deletion and depletion with dilated cardiomyopathy","tRNA Ile","+","-","Reported","88.10%","0.000%(0.000%)","0 (0)",1
4322,"C","C","MT-TI","Idiopathic Dilated Cardiomopathy","tRNA Ile","-","+","Reported","-","0.005%(0.000%)","3 (0)",1
4327,"T","C","MT-TI","Ataxia+, with RRF and COX deficiency","tRNA Ile","-","+","Reported","71.00%","0.000%(0.000%)","0 (0)",2
4332,"G","A","MT-TQ","Encephalopathy / MELAS","tRNA Gln","-","+","Cfrm [VUS*]","Pathogenic","0.000%(0.000%)","0 (0)",4
4336,"T","C","MT-TQ","ADPD / Hearing Loss & Migraine / autism spectrum / intellectual disability","tRNA Gln","+","+","Reported [B]","37.30%","0.876% (0.000%)","542 (0)",29
4343,"A","G","MT-TQ","Poss. hypertension factor","tRNA Gln","+","-","Reported","5.10%","0.089%(0.000%)","55 (0)",2
4344,"T","C","MT-TQ","Developmental delay","tRNA Gln","-","+","Reported","42.20%","0.000%(0.000%)","0 (0)",1
4345,"C","T","MT-TQ","Poss. hypertension factor","tRNA Gln","+","-","Reported","13.20%","0.008%(0.000%)","5 (0)",1
4353,"T","C","MT-TQ","Poss. hypertension factor","tRNA Gln","+","-","Reported","31.60%","0.060%(0.000%)","37 (0)",2
4363,"T","C","MT-TQ","Metabolic syndrome and polycystic ovary syndrome / possibly associated w DEAF + RP + dev delay / hypertension / LHON","tRNA Gln","+","-","Reported","9.50%","0.087%(0.000%)","54 (0)",8
4369,"A","A","MT-TQ","Myopathy","tRNA Gln","-","+","Reported [VUS]","-","0.000%(0.000%)","0 (0)",3
4372,"C","T","MT-TQ","Suspected mito disease","tRNA Gln","-","+","Reported [VUS]","71.30%","0.000%(0.000%)","0 (0)",2
4373,"T","C","MT-TQ","Tic disorder / possibly LVNC-associated","tRNA Gln","+","-","Reported","29.10%","0.018%(0.000%)","11 (0)",3
4375,"C","T","MT-TQ","Matrilineal hypertension risk factor","tRNA Gln","nr","nr","Reported","17.30%","0.015%(0.000%)","9 (0)",1
4381,"A","G","MT-TQ","LHON","tRNA Gln","+","-","Reported","15.30%","0.006%(0.000%)","4 (0)",3
4386,"T","C","MT-TQ","Heart disease / myopathy / hypertension","tRNA Gln","+","-","Conflicting reports","6.90%","0.306% (0.000%)","189 (0)",4
4387,"C","A","MT-TQ","Poss. hypertension factor","tRNA Gln","+","-","Reported","12.80%","0.003%(0.000%)","2 (0)",1
4388,"A","G","MT-TQ","Poss. hypertension factor; intellectual disability","tRNA Gln","+","-","Reported","0.10%","0.108%(0.000%)","67 (0)",3
4392,"C","T","MT-TQ","Poss. hypertension factor","tRNA Gln","+","-","Reported","15.70%","0.031%(0.000%)","19 (0)",1
4395,"A","G","MT-TQ","Poss. hypertension factor","tRNA Gln","+","-","Reported","0.20%","0.044%(0.000%)","27 (0)",3
4401,"A","G","MT-NC2","Hypertension+Ventricular Hypertrophy","NC2 Gln-Met spacer","+","-","Reported","N/A","0.015%(0.000%)","9 (0)",4
4403,"G","A","MT-TM","Mitochondrial myopathy","tRNA Met","-","+","Reported","84.80%","0.000%(0.000%)","0 (0)",1
4409,"T","C","MT-TM","Mitochondrial myopathy","tRNA Met","-","+","Reported [VUS]","46.50%","0.000%(0.000%)","0 (0)",6
4410,"C","A","MT-TM","Poss. hypertension factor","tRNA Met","+","-","Reported","32.90%","0.000%(0.000%)","0 (0)",1
4412,"G","A","MT-TM","Seizures with myopathy & retinopathy","tRNA Met","-","+","Reported","76.50%","0.000%(0.000%)","0 (0)",1
4414,"T","C","MT-TM","Progressive external ophthalmoplegia and myopathy","tRNA Met","-","+","Reported","86.40%","0.000%(0.000%)","0 (0)",1
4415,"A","G","MT-TM","EXIT & APS2","tRNA Met","-","+","Reported","44.10%","0.000%(0.000%)","0 (0)",1
4435,"A","G","MT-TM","LHON / LHON modulator / hypertension; autism spectrum; intellectual disability / hearing loss","tRNA Met","+","-","Reported","13.80%","0.097%(0.000%)","60 (0)",18
4437,"C","T","MT-TM","Hypotonia, seizure, muscle weakness, lactic acidosis, hearing loss","tRNA Met","+","-","Reported [VUS]","67.20%","0.000%(0.000%)","0 (0)",3
4440,"G","A","MT-TM","Mitochondrial myopathy","tRNA Met","-","+","Reported","58.20%","0.000%(0.000%)","0 (0)",5
4450,"G","A","MT-TM","Myopathy / MELAS / Leigh Syndrome / EXIT","tRNA Met","-","+","Cfrm [LP]","Pathogenic","0.000%(0.000%)","0 (0)",5
4452,"T","C","MT-TM","Reported in tic disorder patient","tRNA Met","nr","nr","Reported","7.20%","0.199%(0.000%)","123 (0)",1
4454,"T","C","MT-TM","Possible contributor to mito dysfunction / hypertension","tRNA Met","+","-","Reported","0.80%","0.369%(0.000%)","228 (0)",4
4456,"C","T","MT-TM","Poss. hypertension factor","tRNA Met","-","+","Reported","32.00%","0.008%(0.000%)","5 (0)",2
4467,"C","A","MT-TM","Maternally inherited hypertension","tRNA Met","-","+","Reported","75.60%","0.000%(0.000%)","0 (0)",1
5512,"A","G","MT-TW","Maternally inherited hypertension","tRNA Trp","+","-","Reported","38.60%","0.008%(0.000%)","5 (0)",1
5513,"G","A","MT-TW","Mitochondrial encephalomyopathy with RP","tRNA Trp","-","+","Reported","32.60%","0.002%(0.000%)","1 (0)",1
5514,"A","G","MT-TW","Neonatal onset mito disease","tRNA Trp","+","-","Reported","19.70%","0.076%(0.000%)","47 (0)",3
5521,"G","A","MT-TW","Mitochondrial myopathy","tRNA Trp","-","+","Cfrm [LP]","Pathogenic","0.000%(0.000%)","0 (0)",8
5522,"G","A","MT-TW","Mitochondrial myopathy","tRNA Trp","-","+","Reported","83.00%","0.000%(0.000%)","0 (0)",2
5523,"T","G","MT-TW","Leigh Syndrome","tRNA Trp","-","+","Reported [VUS]","80.90%","0.000%(0.000%)","0 (0)",2
5532,"G","A","MT-TW","Gastrointestinal Syndrome","tRNA Trp","-","+","Reported [VUS]","19.40%","0.002%(0.000%)","1 (0)",4
5537,"A","T","MT-TW","Leigh Syndrome","tRNA Trp","-","+","Cfrm [LP]","-","0.000%(0.000%)","0 (0)",7
5538,"G","A","MT-TW","Encephalomyopathy","tRNA Trp","-","+","Reported [VUS]","76.70%","0.000%(0.000%)","0 (0)",3
5540,"G","A","MT-TW","Encephalomyopathy / DEAF","tRNA Trp","-","+","Reported [VUS]","73.70%","0.000%(0.000%)","0 (0)",4
5541,"C","T","MT-TW","MELAS+stroke-like episodes and cortical blindness+MRI shows occipital lobe infarct","tRNA Trp","-","+","Reported","84.30%","0.000%(0.000%)","0 (0)",5
5543,"T","C","MT-TW","Mitochondrial myopathy","tRNA Trp","-","+","Reported [VUS]","47.30%","0.000%(0.000%)","0 (0)",9
5545,"C","T","MT-TW","HCM severe multisystem disorder","tRNA Trp","-","+","Reported [VUS]","53.00%","0.000%(0.000%)","0 (0)",2
5549,"G","A","MT-TW","DEMCHO / mitochondrial encephalomyopathy","tRNA Trp","-","+","Reported [VUS]","83.30%","0.000%(0.000%)","0 (0)",2
5556,"G","A","MT-TW","Combined OXPHOS defects","tRNA Trp","-","+","Cfrm [LP]","Pathogenic","0.000%(0.000%)","0 (0)",3
5556,"G","C","MT-TW","Mito encephalomyopathy","tRNA Trp","-","+","Reported","44.50%","0.000%(0.000%)","0 (0)",1
5558,"A","G","MT-TW","Reported in tic disorder patient / NSSNHL","tRNA Trp","nr","nr","Reported [VUS]","31.70%","0.199%(0.000%)","123 (0)",2
5559,"A","G","MT-TW","Leigh Syndrome","tRNA Trp","-","+","Reported","70.10%","0.000%(0.000%)","0 (0)",3
5567,"T","C","MT-TW","Myopathy","tRNA Trp","-","+","Reported","32.70%","0.092%(0.000%)","57 (0)",3
5568,"A","G","MT-TW","DEAF","tRNA Trp","+","-","Reported","9.70%","0.026%(0.000%)","16 (0)",2
5587,"T","C","MT-TA","LHON / possible DEAF modifier / MIDD / dilated cardiomyopathy / hypertension / tic disorder","tRNA Ala","+","+","Reported","12.10%","0.063%(0.000%)","39 (0)",12
5591,"G","A","MT-TA","Myopathy","tRNA Ala","-","+","Reported [VUS+]","68.40%","0.000%(0.000%)","0 (0)",4
5592,"A","G","MT-TA","Coronary Heart Disease","tRNA Ala","+","-","Reported","0.40%","0.052%(0.000%)","32 (0)",2
5595,"G","A","MT-TA","Reported in tic disorder patient","tRNA Ala","nr","nr","Reported","64.60%","0.000%(0.000%)","0 (0)",1
5601,"C","T","MT-TA","Possible helper mutation in maternally inherited hypertension and in LHON","tRNA Ala","+","-","Reported","4.20%","0.964% (0.000%)","596 (0)",7
5610,"G","A","MT-TA","Myopathy","tRNA Ala","-","+","Reported [VUS]","38.70%","0.000%(0.000%)","0 (0)",1
5613,"T","C","MT-TA","CPEO","tRNA Ala","-","+","Reported","59.30%","0.000%(0.000%)","0 (0)",1
5618,"T","C","MT-TA","Hearing loss patient","tRNA Ala","nr","nr","Reported","28.30%","0.029%(0.000%)","18 (0)",3
5628,"T","C","MT-TA","CPEO / DEAF enhancer / gout / tic disorder","tRNA Ala","-","+","Reported","78.90%","0.217% (0.000%)","134 (0)",7
5631,"G","A","MT-TA","Myopathy","tRNA Ala","-","+","Reported [VUS]","43.40%","0.002%(0.000%)","1 (0)",2
5636,"T","C","MT-TA","PEO","tRNA Ala","-","+","Reported","73.50%","0.000%(0.000%)","0 (0)",1
5641,"T","C","MT-TA","Hearing loss patient","tRNA Ala","nr","nr","Reported","28.40%","0.015%(0.000%)","9 (0)",2
5650,"G","A","MT-TA","Myopathy","tRNA Ala","-","+","Cfrm [LP]","Pathogenic","0.002%(0.000%)","1 (0)",10
5652,"C","G","MT-TA","Dilated Cardiomyopathy","tRNA Ala","+","-","Reported","69.90%","0.000%(0.000%)","0 (0)",1
5655,"T","C","MT-TA","DEAF enhancer / Hypertension risk","tRNA Ala","+","-","Reported","26.70%","0.640% (0.000%)","396 (0)",10
5658,"T","C","MT-TN","Mitochondrial myopathy","tRNA Asn","-","+","Reported","94.30%","0.000%(0.000%)","0 (0)",1
5667,"G","A","MT-TN","Ptosis","tRNA Asn","nr","nr","Reported [VUS]","44.60%","0.000%(0.000%)","0 (0)",1
5669,"G","A","MT-TN","Sporadic CPEO","tRNA Asn","-","+","Reported","88.50%","0.000%(0.000%)","0 (0)",1
5670,"A","G","MT-TN","Progressive mitochondrial myopathy","tRNA Asn","+","-","Reported","23.10%","0.000%(0.000%)","0 (0)",1
5672,"T","C","MT-TN","EXIT+myalgia+CPEO with RRF","tRNA Asn","-","+","Reported","20.80%","0.000%(0.000%)","0 (0)",2
5690,"A","G","MT-TN","CPEO+ptosis+proximal myopathy","tRNA Asn","-","+","Cfrm [LP]","Pathogenic","0.000%(0.000%)","0 (0)",3
5692,"T","C","MT-TN","CPEO / MM","tRNA Asn","-","+","Reported [VUS]","46.60%","0.002%(0.000%)","1 (0)",4
5693,"T","C","MT-TN","Encephalomyopathy","tRNA Asn","+","-","Reported","31.20%","0.000%(0.000%)","0 (0)",2
5698,"G","A","MT-TN","CPEO / MM","tRNA Asn","-","+","Reported","47.70%","0.002%(0.000%)","1 (0)",5
5702,"A","l","MT-TN","Sporadic CPEO","tRNA Asn","-","+","Reported","89.00%","0.000%(0.000%)","0 (0)",2
5702,"A","G","MT-TN","External ophthalmoplegia+ptosis","tRNA Asn","-","+","Reported [VUS]","73.90%","0.000%(0.000%)","0 (0)",1
5703,"G","A","MT-TN","CPEO / MM","tRNA Asn","-","+","Cfrm [P]","Pathogenic","0.002%(0.000%)","1 (0)",12
5708,"C","T","MT-TN","Mitochondrial myopathy","tRNA Asn","+","+","Reported","28.30%","0.000%(0.000%)","0 (0)",1
5709,"T","C","MT-TN","Ophthalmoparesis+respiratory impairment","tRNA Asn","-","+","Reported","49.80%","0.000%(0.000%)","0 (0)",2
5715,"A","G","MT-TN","Hearing loss patient","tRNA Asn","nr","nr","Reported","12.50%","0.021%(0.000%)","13 (0)",1
5728,"T","C","MT-TN","Multiorgan failure / myopathy","tRNA Asn","-","+","Cfrm [LP]","Pathogenic","0.000%(0.000%)","0 (0)",4
5774,"T","C","MT-TC","Reported in tic disorder patient","tRNA Cys","nr","nr","Reported","0.70%","0.107%(0.000%)","66 (0)",1
5780,"G","A","MT-TC","SNHL","tRNA Cys","-","+","Reported","35.50%","0.039%(0.000%)","24 (0)",2
5783,"G","A","MT-TC","Myopathy / deafness / gout / tic disorder","tRNA Cys","-","+","Reported","66.90%","0.070%(0.000%)","43 (0)",5
5789,"T","C","MT-TC","Late-onset NARP","tRNA Cys","-","+","Reported","77.30%","0.000%(0.000%)","0 (0)",1
5794,"T","C","MT-TC","Hearing loss/ tic disorder","tRNA Cys","nr","nr","Reported","16.00%","0.013%(0.000%)","8 (0)",6
5802,"T","C","MT-TC","DEAF1555 increased penetrance / obesity risk","tRNA Cys","+","-","Reported","58.90%","0.005%(0.000%)","3 (0)",8
5809,"G","A","MT-TC","Hearing loss patient","tRNA Cys","nr","nr","Reported","68.70%","0.002%(0.000%)","1 (0)",3
5814,"T","C","MT-TC","Encephalopathy / gout","tRNA Cys","-","+","Reported [LB]","38.80%","0.361% (0.000%)","223 (0)",12
5816,"A","G","MT-TC","Progressive Dystonia","tRNA Cys","+","-","Reported [VUS]","59.90%","0.000%(0.000%)","0 (0)",4
5819,"T","C","MT-TC","Reported in tic disorder patient","tRNA Cys","nr","nr","Reported","16.70%","0.000%(0.000%)","0 (0)",1
5820,"C","A","MT-TC","MERRF","tRNA Cys","+","-","Reported","68.10%","0.000%(0.000%)","0 (0)",1
5821,"G","A","MT-TC","DEAF helper mut.","tRNA Cys","+","-","Reported","20.90%","0.605% (0.000%)","374 (0)",6
5822,"G","A","MT-TC","Hearing loss patient","tRNA Cys","nr","nr","Reported","30.40%","0.010%(0.000%)","6 (0)",3
5835,"G","A","MT-TY","Patient with proximal myopathy","tRNA Tyr","nr","nr","Reported","54.70%","0.002%(0.000%)","1 (0)",4
5843,"A","G","MT-TY","FSGS / Mitochondrial Cytopathy","tRNA Tyr","+","-","Reported","8.40%","0.758% (0.000%)","469 (0)",2
5874,"T","C","MT-TY","EXIT","tRNA Tyr","-","+","Reported [VUS]","38.90%","0.000%(0.000%)","0 (0)",2
5877,"C","T","MT-TY","CPEO","tRNA Tyr","-","+","Reported [VUS]","24.80%","0.000%(0.000%)","0 (0)",1
5888,"T","l","MT-TY","CPEO","tRNA Tyr","-","+","Reported [VUS]","53.20%","0.000%(0.000%)","0 (0)",1
5889,"A","G","MT-TY","Multisystem mitochondrial disorder","tRNA Tyr","-","+","Reported","66.10%","0.000%(0.000%)","0 (0)",2
7445,"A","C","MT-TS1 precursor","DEAF","tRNA Ser (UCN) precursor","+","-","Reported [VUS]","-","0.027%(0.000%)","17 (0)",12
7445,"A","G","MT-TS1 precursor","SNHL","tRNA Ser (UCN) precursor","+","+","Cfrm [P]","-","0.002%(0.000%)","1 (0)",45
7445,"A","T","MT-TS1 precursor","SNHL","tRNA Ser (UCN) precursor","+","-","Reported [VUS]","-","0.006%(0.000%)","4 (0)",1
7451,"A","T","MT-TS1","CPEO+ptosis","tRNA Ser (UCN) precursor","-","+","Reported","80.70%","0.000%(0.000%)","0 (0)",1
7453,"G","A","MT-TS1","Fatal neonatal lactic acidosis / Neonatal lactic acidosis, exercise intolerance, mild ID","tRNA Ser (UCN)","+","+","Cfrm [LP]","Pathogenic","0.000%(0.000%)","0 (0)",4
7456,"A","G","MT-TS1","DEAF","tRNA Ser (UCN)","+","-","Unclear","16.00%","0.024%(0.000%)","15 (0)",1
7458,"G","A","MT-TS1","PEO","tRNA Ser (UCN)","-","+","Reported","86.00%","0.000%(0.000%)","0 (0)",1
7462,"C","T","MT-TS1","DEAF","tRNA Ser (UCN)","+","-","Reported [VUS]","11.20%","0.008%(0.000%)","5 (0)",1
7471,"C","l","MT-TS1","Maternally inherited hypertension / deafness","tRNA Ser (UCN)","nr","nr","Reported [VUS](=7466d)","4.30%","0.049%(0.000%)","30 (0)",3
7471,"C","C","MT-TS1","PEM / AMDF / Motor neuron disease-like","tRNA Ser (UCN)","+","+","Cfrm [P]","-","0.011%(0.000%)","7 (0)",34
7472,"A","C","MT-TS1","MM / DMDF modulator","tRNA Ser (UCN)","+","+","Reported","3.20%","0.016%(0.000%)","10 (0)",4
7472,"A","A","MT-TS1","PEM / AMDF / Motor neuron disease-like","tRNA Ser (UCN)","+","+","See 7471insC","-","0.000%(0.000%)","0 (0)",1
7474,"A","l","MT-TS1","Hearing loss and epilepsy","tRNA Ser (UCN)","nr","nr","Reported (=7474d)","34.80%","0.006%(0.000%)","4 (0)",1
7474,"A","G","MT-TS1","Hearing loss patient","tRNA Ser (UCN)","nr","nr","Reported","0.00%","0.008%(0.000%)","5 (0)",1
7480,"T","G","MT-TS1","MM","tRNA Ser (UCN)","-","+","Reported","46.60%","0.000%(0.000%)","0 (0)",3
7484,"A","G","MT-TS1","MERRF","tRNA Ser (UCN)","+","-","Reported","53.20%","0.000%(0.000%)","0 (0)",1
7486,"G","A","MT-TS1","CPEO","tRNA Ser (UCN)","-","+","Reported","50.50%","0.000%(0.000%)","0 (0)",1
7492,"C","T","MT-TS1","Hypertension / hearing loss risk factor","tRNA Ser (UCN)","+","-","Reported","0.10%","0.016%(0.000%)","10 (0)",2
7496,"T","C","MT-TS1","Hearing Loss","tRNA Ser (UCN)","nr","nr","Reported","58.30%","0.005%(0.000%)","3 (0)",2
7497,"G","A","MT-TS1","MM / EXIT","tRNA Ser (UCN)","+","+","Cfrm [LP]","Pathogenic","0.002%(0.000%)","1 (0)",8
7501,"T","A","MT-TS1","Cardiovascular disease; renal disease patient","tRNA Ser (UCN)","nr","nr","Reported","1.90%","0.002%(0.000%)","1 (0)",3
7502,"C","T","MT-TS1","Reported in tic disorder patient","tRNA Ser (UCN)","nr","nr","Reported [VUS]","8.20%","0.006%(0.000%)","4 (0)",1
7505,"T","C","MT-TS1","Maternally inherited hearing loss","tRNA Ser (UCN)","+","-","Reported [VUS]","58.60%","0.000%(0.000%)","0 (0)",6
7506,"G","A","MT-TS1","PEO with hearing loss","tRNA Ser (UCN)","-","+","Reported","81.40%","0.000%(0.000%)","0 (0)",1
7510,"T","C","MT-TS1","SNHL","tRNA Ser (UCN)","-","+","Cfrm [LP]","Pathogenic","0.002%(0.000%)","1 (0)",14
7511,"T","C","MT-TS1","SNHL/Deafness","tRNA Ser (UCN)","+","+","Cfrm [LP]","Pathogenic","0.003%(0.000%)","2 (0)",24
7512,"T","C","MT-TS1","PEM / MERME  / MELAS","tRNA Ser (UCN)","+","+","Cfrm [LP]","Pathogenic","0.000%(0.000%)","0 (0)",13
7519,"A","l","MT-TD","Deafness-associated","tRNA Asp","nr","nr","Reported","36.90%","0.008%(0.000%)","5 (0)",2
7520,"G","A","MT-TD","Sporadic bilateral optic neuropathy","tRNA Asp","nr","nr","Reported","54.90%","0.000%(0.000%)","0 (0)",2
7526,"A","G","MT-TD","Mitochondrial myopathy","tRNA Asp","-","+","Reported [VUS]","50.40%","0.000%(0.000%)","0 (0)",1
7539,"C","T","MT-TD","Multisystemic mitochondrial disorder","tRNA Asp","-","+","Reported","93.70%","0.000%(0.000%)","0 (0)",2
7543,"A","G","MT-TD","MEPR","tRNA Asp","-","+","Reported","67.30%","0.084%(0.000%)","52 (0)",3
7551,"A","G","MT-TD","DEAF increased penetrance (1555G helper)","tRNA Asp","+","-","Reported","28.90%","0.003%(0.000%)","2 (0)",5
7554,"G","A","MT-TD","Myopathy+ataxia+nystagmus+migraines+lactic acidosis","tRNA Asp","-","+","Reported","71.20%","0.000%(0.000%)","0 (0)",2
7560,"T","C","MT-TD","Focal segmental glomerulosclerosis (FSGS) with cortical blindness + pancreatitis","tRNA Asp","-","+","Reported","46.90%","0.000%(0.000%)","0 (0)",1
7566,"G","A","MT-TD","Unspecified patient from clinical lab","tRNA Asp","nr","nr","Reported [VUS]","65.60%","0.000%(0.000%)","0 (0)",1
8296,"A","G","MT-TK","DMDF / MERRF / HCM / epilepsy / hearing loss","tRNA Lys","+","+","Reported [VUS]","72.30%","0.061%(0.000%)","38 (0)",23
8299,"G","A","MT-TK","PEO + respiratory impairment","tRNA Lys","-","+","Reported [VUS]","63.80%","0.000%(0.000%)","0 (0)",2
8302,"A","T","MT-TK","Encephalopathy","tRNA Lys","+","-","Unclear","15.20%","0.000%(0.000%)","0 (0)",1
8304,"G","A","MT-TK","Epilepsy+ataxia+visual disturbance+deafness","tRNA Lys","-","+","Reported","89.70%","0.000%(0.000%)","0 (0)",1
8305,"C","T","MT-TK","Mitochondrial myopathy","tRNA Lys","-","+","Reported","74.50%","0.000%(0.000%)","0 (0)",4
8306,"T","C","MT-TK","Severe adult-onset multisymptom myopathy / Myoclonic epilepsy","tRNA Lys","-","+","Cfrm [VUS*]","Pathogenic","0.000%(0.000%)","0 (0)",3
8311,"T","C","MT-TK","Poss. hypertension factor","tRNA Lys","+","-","Reported","6.80%","0.110%(0.000%)","68 (0)",2
8313,"G","A","MT-TK","MNGIE-like / Progressive mito cytopathy","tRNA Lys","-","+","Cfrm [LP]","Pathogenic","0.002%(0.000%)","1 (0)",9
8315,"A","C","MT-TK","MERRF","tRNA Lys","-","+","Reported","22.00%","0.000%(0.000%)","0 (0)",1
8316,"T","C","MT-TK","MELAS","tRNA Lys","-","+","Reported","80.20%","0.000%(0.000%)","0 (0)",3
8319,"A","G","MT-TK","Kearns-Sayre syndrome","tRNA Lys","-","+","Reported [VUS]","69.60%","0.000%(0.000%)","0 (0)",2
8326,"A","G","MT-TK","Mitochondrial Cytopathy","tRNA Lys","-","+","Reported","46.20%","0.000%(0.000%)","0 (0)",3
8328,"G","A","MT-TK","Mito Encephalopathy / EXIT with myopathy and ptosis","tRNA Lys","-","+","Reported","83.30%","0.000%(0.000%)","0 (0)",6
8332,"A","G","MT-TK","Dystonia and stroke-like episodes","tRNA Lys","+","-","Reported","62.80%","0.000%(0.000%)","0 (0)",1
8337,"T","C","MT-TK","Poss. hypertension factor","tRNA Lys","+","-","Reported","6.80%","0.283% (0.000%)","175 (0)",2
8339,"A","G","MT-TK","Hearing loss patient","tRNA Lys","nr","nr","Reported","47.60%","0.002%(0.000%)","1 (0)",2
8340,"G","A","MT-TK","Myopathy, Exercise Intolerance, CPEO-like /childhood epilepsy with SNHL & eye disease","tRNA Lys","-","+","Cfrm [LP]","Pathogenic","0.000%(0.000%)","0 (0)",12
8342,"G","A","MT-TK","PEO and Myoclonus","tRNA Lys","-","+","Reported [VUS]","77.20%","0.000%(0.000%)","0 (0)",5
8343,"A","G","MT-TK","Metabolic syndrome and polycystic ovary syndrome / possible PD risk factor / deafness","tRNA Lys","+","-","Reported","4.70%","0.107%(0.000%)","66 (0)",6
8344,"A","G","MT-TK","MERRF; Other - LD / depressive mood disorder / leukoencephalopathy / HiCM / lipomas","tRNA Lys","-","+","Cfrm [P]","Pathogenic","0.006%(0.000%)","4 (0)",155
8346,"C","l","MT-TK","Rett Syndrome","tRNA Lys","nr","nr","Reported","3.00%","0.011%(0.000%)","7 (0)",1
8347,"A","G","MT-TK","Poss. hypertension factor","tRNA Lys","+","-","Reported","2.60%","0.032%(0.000%)","20 (0)",3
8348,"A","G","MT-TK","Cardiomyopathy / SNHL / poss. hypertension factor","tRNA Lys","+","+","Reported","33.80%","0.223%(0.000%)","138 (0)",9
8355,"T","C","MT-TK","Myopathy","tRNA Lys","-","+","Reported","67.20%","0.000%(0.000%)","0 (0)",2
8356,"T","C","MT-TK","MERRF","tRNA Lys","-","+","Cfrm [LP]","Pathogenic","0.000%(0.000%)","0 (0)",12
8357,"T","C","MT-TK","Multiple symmetric lipomatosis","tRNA Lys","-","+","Reported","59.10%","0.002%(0.000%)","1 (0)",1
8361,"G","A","MT-TK","MERRF","tRNA Lys","-","+","Reported [VUS]","64.80%","0.000%(0.000%)","0 (0)",3
8362,"T","G","MT-TK","Myopathy / ataxia deafness diabetes mellitus","tRNA Lys","-","+","Reported [VUS]","93.00%","0.000%(0.000%)","0 (0)",6
8363,"G","A","MT-TK","MICM+DEAF / MERRF / Autism / Leigh Syndrome / Ataxia / Lipomatosis","tRNA Lys","-","+","Cfrm [LP]","Pathogenic","0.000%(0.000%)","0 (0)",24
9997,"T","A","MT-TG","Unspecified patient from clinical lab","tRNA Gly","nr","nr","Reported [VUS]","95.20%","0.000%(0.000%)","0 (0)",1
9997,"T","C","MT-TG","MHCM","tRNA Gly","-","+","Reported [VUS]","80.30%","0.002%(0.000%)","1 (0)",5
10000,"G","A","MT-TG","Multisystem mitochondrial disorder","tRNA Gly","-","+","Reported","91.70%","0.002%(0.000%)","1 (0)",1
10003,"T","C","MT-TG","Hypertension / maternally inherited diabetes / hearing loss","tRNA Gly","+","-","Reported","0.40%","0.019%(0.000%)","12 (0)",5
10005,"A","G","MT-TG","Hearing loss patient","tRNA Gly","nr","nr","Reported","9.00%","0.036%(0.000%)","22 (0)",3
10006,"A","G","MT-TG","CIPO / Encephalopathy","tRNA Gly","+","-","Unclear","19.30%","0.026%(0.000%)","16 (0)",5
10010,"T","C","MT-TG","PEM","tRNA Gly","-","+","Cfrm [VUS*]","Pathogenic","0.000%(0.000%)","0 (0)",11
10014,"G","A","MT-TG","Myopathy","tRNA Gly","+","-","Unclear","60.90%","0.000%(0.000%)","0 (0)",2
10019,"C","T","MT-TG","Hearing loss patient","tRNA Gly","nr","nr","Reported","50.50%","0.000%(0.000%)","0 (0)",2
10044,"A","G","MT-TG","SIDS","tRNA Gly","-","+","Unclear","34.70%","0.299%(0.000%)","185 (0)",9
10055,"A","G","MT-TG","Tic disorder patient / hearing loss patient","tRNA Gly","nr","nr","Reported","29.70%","0.019%(0.000%)","12 (0)",5
10057,"T","C","MT-TG","Hearing loss patient","tRNA Gly","nr","nr","Reported","38.40%","0.010%(0.000%)","6 (0)",2
10406,"G","A","MT-TR","Mitochondrial myopathy","tRNA Arg","-","+","Reported [VUS]","72.30%","0.000%(0.000%)","0 (0)",3
10408,"T","C","MT-TR","Unspecified patient from clinical lab","tRNA Arg","nr","nr","Reported [VUS]","64.30%","0.000%(0.000%)","0 (0)",1
10410,"T","C","MT-TR","Possible maternally inherited hypertension risk factor","tRNA Arg","+","-","Reported","4.30%","0.459% (0.000%)","284 (0)",1
10411,"A","T","MT-TR","Dilated Cardiomyopathy","tRNA Arg","+","-","Reported","26.40%","0.000%(0.000%)","0 (0)",1
10415,"T","C","MT-TR","Dilated Cardiomyopathy","tRNA Arg","+","-","Reported","76.50%","0.000%(0.000%)","0 (0)",1
10437,"G","A","MT-TR","Mitochondrial myopathy","tRNA Arg","-","+","Reported","51.70%","0.000%(0.000%)","0 (0)",1
10438,"A","G","MT-TR","Progressive Encephalopathy","tRNA Arg","-","+","Reported [VUS]","46.20%","0.000%(0.000%)","0 (0)",1
10438,"A","T","MT-TR","Non-dystrophic myopathy","tRNA Arg","-","+","Reported","46.20%","0.000%(0.000%)","0 (0)",1
10450,"A","G","MT-TR","Combined OXPHOS defects & severe multisystem disorder","tRNA Arg","-","+","Reported [VUS]","69.60%","0.000%(0.000%)","0 (0)",1
10454,"T","C","MT-TR","Possible deafness or maternally inherited hypertension risk factor","tRNA Arg","+","-","Reported","4.80%","0.374% (0.000%)","231 (0)",6
10460,"T","C","MT-TR","Unspecified patient from clinical lab","tRNA Arg","nr","nr","Reported [VUS]","72.00%","0.000%(0.000%)","0 (0)",1
12141,"A","G","MT-TH","Reported in tic disorder patient","tRNA His","nr","nr","Reported","22.80%","0.015%(0.000%)","9 (0)",1
12146,"A","G","MT-TH","MELAS","tRNA His","+","+","Reported","61.60%","0.000%(0.000%)","0 (0)",1
12147,"G","A","MT-TH","MERRF-MELAS / Encephalopathy","tRNA His","-","+","Cfrm [LP]","Pathogenic","0.000%(0.000%)","0 (0)",6
12148,"T","C","MT-TH","Developmental delay, optic atrophy, cataract, hearing loss, myopathy","tRNA His","-","+","Reported [VUS]","74.70%","0.002%(0.000%)","1 (0)",3
12158,"A","G","MT-TH","MELAS","tRNA His","-","+","Reported","77.60%","0.000%(0.000%)","0 (0)",2
12167,"T","C","MT-TH","Hearing loss patient","tRNA His","nr","nr","Reported","24.60%","0.003%(0.000%)","2 (0)",2
12182,"A","G","MT-TH","Sclerosis-like symptoms + white matter alterations","tRNA His","+","-","Author considered as VUS","46.40%","0.003%(0.000%)","2 (0)",1
12183,"G","A","MT-TH","RP + DEAF","tRNA His","-","+","Reported [VUS]","70.30%","0.002%(0.000%)","1 (0)",3
12187,"C","A","MT-TH","Asthenozoospermia","tRNA His","+","-","Reported","15.40%","0.000%(0.000%)","0 (0)",1
12188,"T","C","MT-TH","Hearing loss patient","tRNA His","nr","nr","Reported","6.10%","0.050%(0.000%)","31 (0)",3
12192,"G","A","MT-TH","MICM / possible G15927A deafness modulator","tRNA His","+","-","Reported","4.50%","0.213% (0.000%)","132 (0)",5
12201,"T","C","MT-TH","Maternally inherited non-syndromic deafness","tRNA His","-","+","Cfrm [LP]","Pathogenic","0.002%(0.000%)","1 (0)",10
12206,"C","T","MT-TH","MELAS-like  encephalopathy+bilateral optic atrophy","tRNA His","-","+","Reported","44.20%","0.000%(0.000%)","0 (0)",1
12207,"G","A","MT-TS2","Myopathy / Encephalopathy","tRNA Ser (AGY)","-","+","Reported [VUS]","76.40%","0.000%(0.000%)","0 (0)",4
12224,"C","T","MT-TS2","DEAF helper mutation","tRNA Ser (AGY)","+","-","Reported","30.40%","0.006%(0.000%)","4 (0)",2
12235,"T","C","MT-TS2","Hearing loss patient","tRNA Ser (AGY)","nr","nr","Reported","27.50%","0.372%(0.000%)","230 (0)",2
12236,"G","A","MT-TS2","DEAF","tRNA Ser (AGY)","+","-","Reported","2.20%","0.720% (0.000%)","445 (0)",5
12246,"C","A","MT-TS2","CIPO","tRNA Ser (AGY)","nr","nr","Reported","3.20%","0.006%(0.000%)","4 (0)",2
12258,"C","A","MT-TS2","DMDF / RP+SNHL","tRNA Ser (AGY)","-","+","Cfrm [LP]","Pathogenic","0.002%(0.000%)","1 (0)",9
12258,"C","T","MT-TS2","Unspecified patient from clinical lab","tRNA Ser (AGY)","nr","nr","Reported [VUS]","81.50%","0.000%(0.000%)","0 (0)",1
12261,"T","C","MT-TS2","Myopathy+epilepsy+retinal degeneration+DEAF","tRNA Ser (AGY)","-","+","Reported","65.30%","0.000%(0.000%)","0 (0)",1
12262,"C","A","MT-TS2","Progressive MM+Deafness+Seizures","tRNA Ser (AGY)","-","+","Reported","84.50%","0.000%(0.000%)","0 (0)",2
12264,"C","T","MT-TS2","Multisystem Disease with Cataracts / Myopathy+epilepsy+DEAF+atypical autism","tRNA Ser (AGY)","+","+","Reported [VUS]","79.30%","0.000%(0.000%)","0 (0)",4
12271,"T","C","MT-TS2","Unspecified mitochondrial disease","tRNA Ser (AGY)","nr","nr","Reported [VUS]","69.70%","0.000%(0.000%)","0 (0)",1
12276,"G","A","MT-TL2","CPEO","tRNA Leu (CUN)","-","+","Cfrm [LP]","Pathogenic","0.002%(0.000%)","1 (0)",4
12278,"T","C","MT-TL2","MODY diabetes mellitus","tRNA Leu (CUN)","-","+","Reported","86.40%","0.002%(0.000%)","1 (0)",4
12279,"A","G","MT-TL2","Reported in tic disorder patient","tRNA Leu (CUN)","nr","nr","Reported","5.90%","0.422% (0.000%)","261 (0)",1
12280,"A","G","MT-TL2","Hypertension","tRNA Leu (CUN)","+","-","Reported","6.50%","0.154%(0.000%)","95 (0)",2
12283,"G","A","MT-TL2","CPEO","tRNA Leu (CUN)","-","+","Reported [VUS]","43.20%","0.002%(0.000%)","1 (0)",2
12293,"G","A","MT-TL2","Axial mitochondrial myopathy / EXIT+myalgia+ptosis","tRNA Leu (CUN)","-","+","Reported","66.90%","0.000%(0.000%)","0 (0)",3
12294,"G","A","MT-TL2","CPEO / EXIT+Ophthalmoplegia","tRNA Leu (CUN)","-","+","Cfrm [VUS*]","Pathogenic","0.000%(0.000%)","0 (0)",2
12297,"T","C","MT-TL2","Dilated Cardiomyopathy / Leigh Syndrome / Failure to Thrive & LA","tRNA Leu (CUN)","+","+","Reported","47.30%","0.081%(0.000%)","50 (0)",6
12299,"A","C","MT-TL2","MELAS","tRNA Leu (CUN)","-","+","Reported","53.00%","0.000%(0.000%)","0 (0)",1
12300,"G","A","MT-TL2","3243 suppressor mutant","tRNA Leu (CUN)","-","+","Reported","51.70%","0.000%(0.000%)","0 (0)",7
12308,"A","G","MT-TL2","CPEO / Stroke / CM / Breast & Renal & Prostate Cancer Risk / Altered brain pH /sCJD","tRNA Leu (CUN)","+","+","Reported [B] in hg K,U","42.00%","12.793% (0.000%)","7912 (0)",20
12311,"T","C","MT-TL2","CPEO","tRNA Leu (CUN)","+","+","Reported","34.40%","0.120%(0.000%)","74 (0)",4
12313,"T","C","MT-TL2","FSHD","tRNA Leu (CUN)","-","+","Reported","73.20%","0.000%(0.000%)","0 (0)",1
12315,"G","A","MT-TL2","CPEO / KSS / possible carotid atherosclerosis risk, trend toward myocardial infarction risk","tRNA Leu (CUN)","-","+","Cfrm [LP]","Pathogenic","0.000%(0.000%)","0 (0)",15
12316,"G","A","MT-TL2","CPEO / mitochondrial myopathy","tRNA Leu (CUN)","-","+","Cfrm [VUS*]","Pathogenic","0.000%(0.000%)","0 (0)",3
12317,"T","C","MT-TL2","CPEO+ptosis+myopathy+exercise intolerance+diabetes","tRNA Leu (CUN)","-","+","Reported","41.30%","0.002%(0.000%)","1 (0)",1
12320,"A","G","MT-TL2","MM","tRNA Leu (CUN)","-","+","Reported [VUS]","37.30%","0.000%(0.000%)","0 (0)",7
12325,"C",":","MT-TL2","Hearing loss patient","tRNA Leu (CUN)","nr","nr","Reported [VUS]","91.50%","0.000%(0.000%)","0 (0)",1
12334,"G","A","MT-TL2","CPEO","tRNA Leu (CUN)","-","+","Reported","63.40%","0.000%(0.000%)","0 (0)",1
12335,"T","C","MT-TL2","Unspecified patient from clinical lab","tRNA Leu (CUN)","nr","nr","Reported","60.20%","0.000%(0.000%)","0 (0)",1
14674,"T","C","MT-TE","Reversible COX deficiency myopathy","tRNA Glu","+","-","Cfrm [LP]","Pathogenic","0.016%(0.000%)","10 (0)",16
14674,"T","G","MT-TE","Reversible COX deficiency myopathy","tRNA Glu","+","-","Reported [VUS]","29.40%","0.000%(0.000%)","0 (0)",3
14680,"C","A","MT-TE","Mitochondrial encephalomyopathy","tRNA Glu","-","+","Reported","35.50%","0.000%(0.000%)","0 (0)",1
14685,"G","A","MT-TE","Cataracts w spastic paraparesis & ataxia","tRNA Glu","-","+","Reported","77.40%","0.000%(0.000%)","0 (0)",1
14687,"A","G","MT-TE","Mito myopathy w respiratory failure; intellectual disability","tRNA Glu","+","-","Reported","7.00%","0.606% (0.000%)","375 (0)",5
14692,"A","G","MT-TE","LHON helper / Maternally inherited diabetes & deafness /tic disorder","tRNA Glu","+","-","Reported [VUS]","2.40%","0.040%(0.000%)","25 (0)",6
14693,"A","G","MT-TE","MELAS / LHON / DEAF / hypertension helper","tRNA Glu","+","+","Reported","39.50%","0.571% (0.000%)","353 (0)",19
14696,"A","G","MT-TE","Progressive Encephalopathy","tRNA Glu","-","+","Reported","22.00%","0.136%(0.000%)","84 (0)",2
14701,"C","T","MT-TE","Reversible infantile respiratory chain deficiency (RIRCD)","tRNA Glu","+","-","Reported","20.60%","0.000%(0.000%)","0 (0)",1
14709,"T","C","MT-TE","MM+DMDF / Encephalomyopathy / Dementia+diabetes+ophthalmoplegia","tRNA Glu","+","+","Cfrm [LP]","Pathogenic","0.002%(0.000%)","1 (0)",28
14710,"G","A","MT-TE","Encephalomyopathy + Retinopathy","tRNA Glu","-","+","Cfrm [VUS*]","Pathogenic","0.000%(0.000%)","0 (0)",6
14721,"G","A","MT-TE","Isolated complex I deficiency","tRNA Glu","-","+","Reported","82.90%","0.000%(0.000%)","0 (0)",1
14723,"T","C","MT-TE","CPEO + Myopathy","tRNA Glu","-","+","Reported","73.50%","0.000%(0.000%)","0 (0)",2
14724,"G","A","MT-TE","Mito Leukoencephalopathy","tRNA Glu","-","+","Reported [VUS]","88.80%","0.000%(0.000%)","0 (0)",3
14728,"T","C","MT-TE","Late-onset mitochondrial encephalomyopathy","tRNA Glu","-","+","Reported","48.50%","0.000%(0.000%)","0 (0)",1
14739,"G","A","MT-TE","EXIT","tRNA Glu","-","+","Reported [VUS]","62.10%","0.002%(0.000%)","1 (0)",4
15894,"G","A","MT-TT","Gout","tRNA Thr","+","-","Reported","28.20%","0.065%(0.000%)","40 (0)",2
15897,"G","A","MT-TT","Maternally inherited diabetes (MID)","tRNA Thr","+","-","Reported","81.90%","0.000%(0.000%)","0 (0)",2
15901,"A","G","MT-TT","Hearing loss patient","tRNA Thr","nr","nr","Reported","15.90%","0.016%(0.000%)","10 (0)",1
15902,"A","G","MT-TT","Hearing loss patient","tRNA Thr","nr","nr","Reported","7.40%","0.016%(0.000%)","10 (0)",1
15904,"C","T","MT-TT","Protective factor for stroke risk (hg V)","tRNA Thr","nr","nr","Reported","1.70%","1.622% (0.000%)","1003 (0)",1
15908,"T","C","MT-TT","DEAF helper mutation","tRNA Thr","+","-","Reported","28.00%","0.344% (0.000%)","213 (0)",4
15909,"A","G","MT-TT","Hypertension","tRNA Thr","+","-","Reported","25.90%","0.010%(0.000%)","6 (0)",3
15910,"C","T","MT-TT","Tic disorder patient / hearing loss patient / coronary heart disease","tRNA Thr","+","-","Reported","25.20%","0.053%(0.000%)","33 (0)",3
15915,"G","A","MT-TT","Encephalomyopathy","tRNA Thr","-","+","Reported [VUS]","73.70%","0.002%(0.000%)","1 (0)",4
15923,"A","G","MT-TT","LIMM / MERRF / mito disease","tRNA Thr","+","+","Cfrm [LP]","Pathogenic","0.000%(0.000%)","0 (0)",5
15924,"A","G","MT-TT","LIMM","tRNA Thr","nr","nr","Reported","22.70%","3.527% (0.000%)","2181 (0)",8
15926,"C","T","MT-TT","Hearing loss patient","tRNA Thr","nr","nr","Reported","0.60%","0.015%(0.000%)","9 (0)",2
15927,"G","A","MT-TT","LHON / Multiple Sclerosis / DEAF1555 increased penetrance / CHD","tRNA Thr","+","-","Reported","16.20%","0.964% (0.000%)","596 (0)",21
15928,"G","A","MT-TT","Multiple Sclerosis / idiopathic repeat miscarriage / AD protection","tRNA Thr","+","+","Reported","20.20%","5.173% (0.000%)","3199 (0)",8
15930,"G","A","MT-TT","Possible DEAF risk factor","tRNA Thr","+","-","Reported","3.20%","2.121% (0.000%)","1312 (0)",1
15933,"G","A","MT-TT","Suspected mito disease","tRNA Thr","+","-","Reported","66.80%","0.000%(0.000%)","0 (0)",1
15942,"T","C","MT-TT","Possibly LVNC-associated","tRNA Thr","+","-","Reported","28.60%","0.713%(0.000%)","441 (0)",2
15944,"T",":","MT-TT","MM","tRNA Thr","+","-","Conflicting reports","19.90%","1.404%(0.000%)","868 (0)",3
15948,"A","G","MT-TT","Reported in tic disorder patient","tRNA Thr","nr","nr","Reported","29.90%","0.008%(0.000%)","5 (0)",1
15950,"G","A","MT-TT","LHON / LHON-MS / dopaminergic nerve cell death (PD) / tic disorder","tRNA Thr","+","+","Reported","54.50%","0.006%(0.000%)","4 (0)",4
15951,"A","G","MT-TT","LHON / LHON modulator","tRNA Thr","+","-","Conflicting reports","23.70%","0.676% (0.000%)","418 (0)",10
15952,"C","T","MT-TT","Reported in tic disorder patient","tRNA Thr","nr","nr","Reported","39.40%","0.008%(0.000%)","5 (0)",1
15958,"A","T","MT-TP","Severe myopathy / EXIT","tRNA Pro","-","+","Reported [VUS]","93.80%","0.000%(0.000%)","0 (0)",2
15965,"A","G","MT-TP","Dopaminergic nerve cell death (PD)","tRNA Pro","+","-","Reported","2.10%","0.019%(0.000%)","12 (0)",2
15967,"G","A","MT-TP","MERRF-like disease","tRNA Pro","-","+","Reported [VUS]","78.90%","0.000%(0.000%)","0 (0)",3
15975,"C","T","MT-TP","Ataxia+RP+deafness","tRNA Pro","-","+","Reported","78.30%","0.000%(0.000%)","0 (0)",1
15986,"G","G","MT-TP","LHON modulator","tRNA Pro","","","Reported","-","0.000%(0.000%)","0 (0)",3
15990,"C","T","MT-TP","MM / PEO","tRNA Pro","-","+","Cfrm [LP]","Pathogenic","0.000%(0.000%)","0 (0)",5
15992,"A","G","MT-TP","Maternally inherited hypertension / tic disorder patient / hearing loss patient","tRNA Pro","nr","nr","Reported","17.60%","0.008%(0.000%)","5 (0)",3
15992,"A","T","MT-TP","Exercise-induced muscle swelling and fatigue","tRNA Pro","+","-","Reported","17.60%","0.002%(0.000%)","1 (0)",1
15995,"G","A","MT-TP","Mitochondrial cytopathy","tRNA Pro","-","+","Reported","80.00%","0.000%(0.000%)","0 (0)",3
15997,"T","C","MT-TP","Hearing loss patient","tRNA Pro","nr","nr","Reported","60.10%","0.000%(0.000%)","0 (0)",2
15998,"A","T","MT-TP","Mitochondrial myopathy","tRNA Pro","-","+","Reported","57.50%","0.000%(0.000%)","0 (0)",1
16002,"T","C","MT-TP","Mitochondrial cytopathy","tRNA Pro","-","+","Reported [VUS]","75.80%","0.000%(0.000%)","0 (0)",2
16015,"T","C","MT-TP","Mitochondrial myopathy","tRNA Pro","-","+","Reported","50.40%","0.000%(0.000%)","0 (0)",1
16018,"T","T","MT-TP","Dilated cardiomyopathy (15 bp dup), alternate notation","tRNA Pro","-","+","Reported","-","0.000%(0.000%)","0 (0)",2
16021,"1","T","MT-TP","Mitochondrial myopathy","tRNA Pro","-","+","Reported","-","0.000%(0.000%)","0 (0)",1
16023,"G","A","MT-TP","Migraine +pigmentary retinopathy +deafness +leukariosis","tRNA Pro","-","+","Reported","83.70%","0.000%(0.000%)","0 (0)",3
16032,"T","T","MT-CR","Dilated cardiomyopathy (15 bp dup), alternate notation","tRNA Pro / CR","-","+","Reported","-","0.003%(0.000%)","2 (0)",1
